{"//FileDescription:":"This file contains a JSON String with the properties and values that are passed on to the server. Labels used in the UI are indicated by ('XXX')\",","//Id:":"This is read-only in the UI. If the card is being updated, the value here is required. For a new creation it should not be defined.","Id":"08ED0E7C-1839-40C1-BE36-E914ABFCC97F","//Name:":"The card's name ('Name')","Name":"MyProduct","//GroupName:":"A simple string to indicate groups of cards ('Grouping')","GroupName":null,"//RefreshInterval:":"For ('Data Refresh Custom Interval') a value like P31DT2H1M, for ('Daily interval'): 12:33:55Z","//Connection:":"The name of the back-end destination ('Destination'). Must already exist in the system (see Feature: Mobile Connectivity)","Connection":"sample.svc.v2","//ResourceIdentifiers:":"An array of complex types containing Uri ('Data Endpoint URL Template') or ('Data Endpoint URL'), ImagePaths (calculated based on the User Data), Shared, Order","ResourceIdentifiers":[{"ImagePaths":"$.d.PictureUrl","Order":0,"Shared":false,"Uri":"https://hcpms-p1942484295trial.hanatrial.ondemand.com/mobileservices/origin/hcpms/ESPM.svc/v2/Products('4F5153B0-A011-4C32-8742-88CE651BF7C3')?$expand=SupplierDetails"}],"//CustomType:":"('Card Template') a List of to select one of the following: Standard ('Default'), Welcome ('Welcome Card'), Template ('Automatic Web Page Matching'), Query ('Automatic Instance Generation')","CustomType":"Default","//UrlMatch:":"('Web Page Expression Match') This is for ('Automatic Web Page Matching') only","UrlMatch":null,"//AppLaunchUrl:":"Additional URL to call when the App is launched ('Deep Link URL')","AppLaunchUrl":null,"//QueryInterval:":"For ('Query Refresh Custom Interval') a value like P31DT2H1M, for daily interval: 12:33:55Z","QueryInterval":"P1D","//QueryConfiguration:":"Object with properties CacheQueryResult ('Share query result data'), QueryEntityKeyPaths ('Query Entity Key Paths'), and QueryURLCollectionRoot ('Query URL Collection Root')","//CardClass:":"Usually HtmlTemplate. ObjectPage and OverviewPage are Fiori Types and usually not used here","CardClass":"HtmlTemplate","//AutoSubscribe:":"Boolean value for ('Automatic Subscription') for ('Card Template') types ('Default') and ('Automatic Web Page Matching')","AutoSubscribe":true,"//HiddenSubscription:":"Boolean value for ('Hidden Subscription') for ('Card Template') types ('Default') and ('Welcome Card')","HiddenSubscription":false,"//QueryReturnsEntityCollection:":"If ('Card Template') is set to ('Automatic Instance Generation'), and ('Collection Handling') is set to ('Use Collection') then this value is set to true","QueryReturnsEntityCollection":false,"//NewsEnabled:":"If ('Card Template') is set to ('Automatic Instance Generation'), and ('Collection Handling') is set to ('Use Collection') then this value ('News Enabled') can be set to true","NewsEnabled":false,"//QueryURL:":"Can be used if ('Card Template') is set to ('Automatic Instance Generation'), and ('Collection Handling') is set to: ('Use Query Url')","QueryURL":null,"//Descriptions:":"('Description') Array of languages with matching text. Currently one language only","Descriptions":[{"language":"EN","text":"Show products"}],"//SubscribableTo:":"Array of Users as parameters in this Object ('Limit Subscriptions')","SubscribableTo":{"Users":[]},"//Parameters:":"Object of Array Object to define ('Parameters') on the Info tab. Properties are Name ('Name'), Value ('Value'), ResourceOrderNumber ('Data Endpoint'), and Propagate ('Propagate')","Parameters":null,"//ActionConfiguration:":"A complex type from the Actions tab that contains BehaviorAfterAction, XCSRFTokenUrl, Actions.","//BehaviorAfterAction:":"Labelled 'Behavior after Action' can be DELETE, INACTIVE, ACTIVE.","//XCSRFTokenUrl:":"XCSRFTokenUrl ('XCSRF Token Url')","//Actions:":"Actions is a complex type that contains ActionName ('Name'), Labels is an Array of language and text ('Label', currently one language only), ActionUrl ('Url'), ActionBody ('Action Body'), EnabledForDeviceNotification ('Show in Notification Center')","//ActionHeaders:":"ActionHeaders ('Request Header') is a complex type with properties HeaderName('Header Name') and HeaderValue('Header Value')","//ActionParameter:":"ActionParameter ('Parameter') is a complex type with properties name ('Name'), label ('Label') as the similar array as described above, type ('Data Type') is one of the Edm-DataTypes like Edm.String, maxLength ('Maximum Length'), defaultValue ('Default Value', needs to match the data type), enabledForDeviceNotification ('Use For Notification'), isKey ('Is Key'),  nullable ('Is Nullable')","ActionConfiguration":{"Category":"08ED0E7C-1839-40C1-BE36-E914ABFCC97F","BehaviorAfterAction":"DELETE","XCSRFTokenUrl":"","Actions":[]},"//CustomRequestProperties:":"A complex type from the Header tab ('Common Request Header Parameters'), that contains the following properties:","//RequestHttpMethod:":"('Request HTTP Method') One of these: POST, PUT, PATCH, DELETE, GET","//RequestBody:":"('Request Body')","//RequestHeaders:":"('Header Definitions') a complex type that contains properties HeaderName('Header Name') and HeaderValue('Header Value')","CustomRequestProperties":{"RequestHttpMethod":"GET","RequestBody":"","RequestHeaders":[]},"//APNSEnabled:":"Boolean property on the Notifications tab ('Enable Push notifications for this card template')","APNSEnabled":true,"//NotificationMessages:":"Array of a complex type Messages with language, text and type","//language:":"just one supported at the moment, usually EN","//text:":"('New Card Notification') or ('Changed Card Notification')","//notificationType:":"One of the two types NEW or CHANGED","NotificationMessages":{"Messages":[]},"//NotificationRules:":"Array of complex object types ('Push Notification Rules') which contains the following properties:","//Order:":"The order number as it appears in the table","//Path:":"('Path')","//Operation:":"('Operator') One of EQ, NE, LT, LE, GT, GE, BT, StartsWith, EndsWith, Contains","//Type:":"('Data Type') One of Boolean, Date, Numeric, String","//Value1:":"('Value') First Operand. Has to fit the Data Type.","//Value2:":"('Second Value') Second Operand. Only valid for ('Between'). Has to fit the Data Type.","//Format:":"('Date format') Only valid for Data Type Date, like ddmmHHMM","//message:":"internal copy of the Messages in the Notification Rules","//NotificationMessages2":"('Message') Array of a complex type Messages with language, text and type. In this case type has to be RULE","NotificationRules":[],"//InternalSeparation:":"---------------------------","//Intenal:":"The following properties are used for internal UI functionality. They are not being sent to the server during save.","//RefreshType:":"('Data Refresh Mode'): can be set to upToDate, custom, useDaily","RefreshType":"upToDate","//QueryType:":"('Query Refresh Mode'): can be set to upToDate, custom, useDaily","QueryType":"custom","//templateName:":"('HTML Template')","templateName":"User defined template","//CollectionType:":"('Collection Handling'). Possible values are: useCollection, useNoCollection, useUrl","CollectionType":"useNoCollection","//useHtmlAsMapping:":"Checkbox on the Editor tab ('Define source without mapping')","useHtmlAsMapping":false,"//Locked:":"Store the fact whether the card was saved in locked mode","Locked":false,"//SAPClientId:":"For Fiori cards only, null or undefined otherwise. The Fiori Cards have an additional ID. This value is read-only.","//fioriRegex:":"Internal handling of some additional values","Uri":"https://hcpms-p1942484295trial.hanatrial.ondemand.com/mobileservices/origin/hcpms/ESPM.svc/v2/Products('4F5153B0-A011-4C32-8742-88CE651BF7C3')?$expand=SupplierDetails","Shared":false}