{
    "d": {
        "Category": "Notebooks",
        "CategoryName": "Notebooks",
        "CurrencyCode": null,
        "DimensionDepth": "18.0000",
        "DimensionHeight": "3.0000",
        "DimensionUnit": "cm",
        "DimensionWidth": "30.0000",
        "LongDescription": "Notebook Basic 15 with 2,80 GHz quad core, 15\" LCD, 4 GB DDR3 RAM, 500 GB Hard Disc, Windows 8 Pro",
        "Name": "Notebook Basic 15",
        "PictureUrl": "/imgs/HT-1000.jpg",
        "Price": "956.000",
        "ProductId": "4F5153B0-A011-4C32-8742-88CE651BF7C3",
        "QuantityUnit": "EA",
        "ShortDescription": "Notebook Basic 15 with 2,80 GHz quad core, 15\" LCD, 4 GB DDR3 RAM, 500 GB Hard Disc, Windows 8 Pro",
        "StockDetails": {
            "__deferred": {
                "uri": "Products('4F5153B0-A011-4C32-8742-88CE651BF7C3')/StockDetails"
            }
        },
        "SupplierDetails": {
            "City": "Antioch, Illinois",
            "Country": "US",
            "EmailAddress": "viola.gains@itelo.info",
            "HouseNumber": "143",
            "PhoneNumber": "1029384756",
            "PostalCode": "60002",
            "Products": {
                "__deferred": {
                    "uri": "Suppliers('30AF2FCA-6086-4B45-BD6F-1F1507678873')/Products"
                }
            },
            "PurchaseOrders": {
                "__deferred": {
                    "uri": "Suppliers('30AF2FCA-6086-4B45-BD6F-1F1507678873')/PurchaseOrders"
                }
            },
            "Street": "Spring Garden Street",
            "SupplierId": "30AF2FCA-6086-4B45-BD6F-1F1507678873",
            "SupplierName": "ITelO",
            "UpdatedTimestamp": null,
            "__metadata": {
                "id": "Suppliers('30AF2FCA-6086-4B45-BD6F-1F1507678873')",
                "uri": "Suppliers('30AF2FCA-6086-4B45-BD6F-1F1507678873')"
            }
        },
        "SupplierId": "30AF2FCA-6086-4B45-BD6F-1F1507678873",
        "UpdatedTimestamp": null,
        "Weight": "4.200",
        "WeightUnit": "KG",
        "__metadata": {
            "content_type": "application/binary",
            "edit_media": "Products('4F5153B0-A011-4C32-8742-88CE651BF7C3')/$value",
            "id": "Products('4F5153B0-A011-4C32-8742-88CE651BF7C3')",
            "media_src": "Products('4F5153B0-A011-4C32-8742-88CE651BF7C3')/$value",
            "uri": "Products('4F5153B0-A011-4C32-8742-88CE651BF7C3')"
        }
    }
}